﻿<Country>
  <CountryID>AD</CountryID>
  <Name>Andorra</Name>
</Country>
<Country>
  <CountryID>AE</CountryID>
  <Name>UAE</Name>
</Country>
<Country>
  <CountryID>AF</CountryID>
  <Name>Afghanistan</Name>
</Country>
<Country>
  <CountryID>AG</CountryID>
  <Name>Antigua &amp; Barbuda</Name>
</Country>
<Country>
  <CountryID>AI</CountryID>
  <Name>Anguilla</Name>
</Country>
<Country>
  <CountryID>AL</CountryID>
  <Name>Albania</Name>
</Country>
<Country>
  <CountryID>AM</CountryID>
  <Name>Armenia</Name>
</Country>
<Country>
  <CountryID>AN</CountryID>
  <Name>Netherlands Antilles</Name>
</Country>
<Country>
  <CountryID>AO</CountryID>
  <Name>Angola</Name>
</Country>
<Country>
  <CountryID>AQ</CountryID>
  <Name>Antarctica</Name>
</Country>
<Country>
  <CountryID>AR</CountryID>
  <Name>Argentina</Name>
</Country>
<Country>
  <CountryID>AS</CountryID>
  <Name>American Samoa</Name>
</Country>
<Country>
  <CountryID>AT</CountryID>
  <Name>Austria</Name>
</Country>
<Country>
  <CountryID>AU</CountryID>
  <Name>Australia</Name>
</Country>
<Country>
  <CountryID>AW</CountryID>
  <Name>Aruba</Name>
</Country>
<Country>
  <CountryID>AX</CountryID>
  <Name>Aland Islands</Name>
</Country>
<Country>
  <CountryID>AZ</CountryID>
  <Name>Azerbaijan</Name>
</Country>
<Country>
  <CountryID>BA</CountryID>
  <Name>Bosnia &amp; Herzegovina</Name>
</Country>
<Country>
  <CountryID>BB</CountryID>
  <Name>Barbados</Name>
</Country>
<Country>
  <CountryID>BD</CountryID>
  <Name>Bangladesh</Name>
</Country>
<Country>
  <CountryID>BE</CountryID>
  <Name>Belgium</Name>
</Country>
<Country>
  <CountryID>BF</CountryID>
  <Name>Burkina Faso</Name>
</Country>
<Country>
  <CountryID>BG</CountryID>
  <Name>Bulgaria</Name>
</Country>
<Country>
  <CountryID>BH</CountryID>
  <Name>Bahrain</Name>
</Country>
<Country>
  <CountryID>BI</CountryID>
  <Name>Burundi</Name>
</Country>
<Country>
  <CountryID>BJ</CountryID>
  <Name>Benin</Name>
</Country>
<Country>
  <CountryID>BM</CountryID>
  <Name>Bermuda</Name>
</Country>
<Country>
  <CountryID>BN</CountryID>
  <Name>Brunei</Name>
</Country>
<Country>
  <CountryID>BO</CountryID>
  <Name>Bolivia</Name>
</Country>
<Country>
  <CountryID>BQ</CountryID>
  <Name>Bonaire,St Eustatius &amp; Saba</Name>
</Country>
<Country>
  <CountryID>BR</CountryID>
  <Name>Brazil</Name>
</Country>
<Country>
  <CountryID>BS</CountryID>
  <Name>Bahamas</Name>
</Country>
<Country>
  <CountryID>BT</CountryID>
  <Name>Bhutan</Name>
</Country>
<Country>
  <CountryID>BW</CountryID>
  <Name>Botswana</Name>
</Country>
<Country>
  <CountryID>BY</CountryID>
  <Name>Belarus</Name>
</Country>
<Country>
  <CountryID>BZ</CountryID>
  <Name>Belize</Name>
</Country>
<Country>
  <CountryID>CA</CountryID>
  <Name>Canada</Name>
</Country>
<Country>
  <CountryID>CC</CountryID>
  <Name>Cocos Islands</Name>
</Country>
<Country>
  <CountryID>CD</CountryID>
  <Name>DR Congo</Name>
</Country>
<Country>
  <CountryID>CF</CountryID>
  <Name>CAR</Name>
</Country>
<Country>
  <CountryID>CG</CountryID>
  <Name>Congo</Name>
</Country>
<Country>
  <CountryID>CH</CountryID>
  <Name>Switzerland</Name>
</Country>
<Country>
  <CountryID>CI</CountryID>
  <Name>Cote d'Ivoire</Name>
</Country>
<Country>
  <CountryID>CK</CountryID>
  <Name>Cook Islands</Name>
</Country>
<Country>
  <CountryID>CL</CountryID>
  <Name>Chile</Name>
</Country>
<Country>
  <CountryID>CM</CountryID>
  <Name>Cameroon</Name>
</Country>
<Country>
  <CountryID>CN</CountryID>
  <Name>China</Name>
</Country>
<Country>
  <CountryID>CO</CountryID>
  <Name>Colombia</Name>
</Country>
<Country>
  <CountryID>CR</CountryID>
  <Name>Costa Rica</Name>
</Country>
<Country>
  <CountryID>CU</CountryID>
  <Name>Cuba</Name>
</Country>
<Country>
  <CountryID>CV</CountryID>
  <Name>Cape Verde</Name>
</Country>
<Country>
  <CountryID>CW</CountryID>
  <Name>Curacao</Name>
</Country>
<Country>
  <CountryID>CX</CountryID>
  <Name>Christmas Island</Name>
</Country>
<Country>
  <CountryID>CY</CountryID>
  <Name>Cyprus</Name>
</Country>
<Country>
  <CountryID>CZ</CountryID>
  <Name>Czech Rep</Name>
</Country>
<Country>
  <CountryID>DE</CountryID>
  <Name>Germany</Name>
</Country>
<Country>
  <CountryID>DJ</CountryID>
  <Name>Djibouti</Name>
</Country>
<Country>
  <CountryID>DK</CountryID>
  <Name>Denmark</Name>
</Country>
<Country>
  <CountryID>DM</CountryID>
  <Name>Dominica</Name>
</Country>
<Country>
  <CountryID>DO</CountryID>
  <Name>Dominican Rep</Name>
</Country>
<Country>
  <CountryID>DZ</CountryID>
  <Name>Algeria</Name>
</Country>
<Country>
  <CountryID>EC</CountryID>
  <Name>Ecuador</Name>
</Country>
<Country>
  <CountryID>EE</CountryID>
  <Name>Estonia</Name>
</Country>
<Country>
  <CountryID>EG</CountryID>
  <Name>Egypt</Name>
</Country>
<Country>
  <CountryID>EH</CountryID>
  <Name>Western Sahara</Name>
</Country>
<Country>
  <CountryID>ER</CountryID>
  <Name>Eritrea</Name>
</Country>
<Country>
  <CountryID>ES</CountryID>
  <Name>Spain</Name>
</Country>
<Country>
  <CountryID>ET</CountryID>
  <Name>Ethiopia</Name>
</Country>
<Country>
  <CountryID>FI</CountryID>
  <Name>Finland</Name>
</Country>
<Country>
  <CountryID>FJ</CountryID>
  <Name>Fiji</Name>
</Country>
<Country>
  <CountryID>FK</CountryID>
  <Name>Falkland Islands</Name>
</Country>
<Country>
  <CountryID>FM</CountryID>
  <Name>Micronesia</Name>
</Country>
<Country>
  <CountryID>FO</CountryID>
  <Name>Faeroe Islands</Name>
</Country>
<Country>
  <CountryID>FR</CountryID>
  <Name>France</Name>
</Country>
<Country>
  <CountryID>GA</CountryID>
  <Name>Gabon</Name>
</Country>
<Country>
  <CountryID>GB</CountryID>
  <Name>United Kingdom</Name>
</Country>
<Country>
  <CountryID>GD</CountryID>
  <Name>Grenada</Name>
</Country>
<Country>
  <CountryID>GE</CountryID>
  <Name>Georgia</Name>
</Country>
<Country>
  <CountryID>GF</CountryID>
  <Name>Guiana</Name>
</Country>
<Country>
  <CountryID>GG</CountryID>
  <Name>Guernsey</Name>
</Country>
<Country>
  <CountryID>GH</CountryID>
  <Name>Ghana</Name>
</Country>
<Country>
  <CountryID>GI</CountryID>
  <Name>Gibraltar</Name>
</Country>
<Country>
  <CountryID>GL</CountryID>
  <Name>Greenland</Name>
</Country>
<Country>
  <CountryID>GM</CountryID>
  <Name>Gambia</Name>
</Country>
<Country>
  <CountryID>GN</CountryID>
  <Name>Guinea</Name>
</Country>
<Country>
  <CountryID>GP</CountryID>
  <Name>Guadeloupe</Name>
</Country>
<Country>
  <CountryID>GQ</CountryID>
  <Name>Equatorial Guinea</Name>
</Country>
<Country>
  <CountryID>GR</CountryID>
  <Name>Greece</Name>
</Country>
<Country>
  <CountryID>GS</CountryID>
  <Name>S.Georgia &amp; S.Sandwich Isls</Name>
</Country>
<Country>
  <CountryID>GT</CountryID>
  <Name>Guatemala</Name>
</Country>
<Country>
  <CountryID>GU</CountryID>
  <Name>Guam</Name>
</Country>
<Country>
  <CountryID>GW</CountryID>
  <Name>Guinea-Bissau</Name>
</Country>
<Country>
  <CountryID>GY</CountryID>
  <Name>Guyana</Name>
</Country>
<Country>
  <CountryID>HK</CountryID>
  <Name>Hong Kong</Name>
</Country>
<Country>
  <CountryID>HM</CountryID>
  <Name>Heard Isl &amp; McDonald Isls</Name>
</Country>
<Country>
  <CountryID>HN</CountryID>
  <Name>Honduras</Name>
</Country>
<Country>
  <CountryID>HR</CountryID>
  <Name>Croatia</Name>
</Country>
<Country>
  <CountryID>HT</CountryID>
  <Name>Haiti</Name>
</Country>
<Country>
  <CountryID>HU</CountryID>
  <Name>Hungary</Name>
</Country>
<Country>
  <CountryID>ID</CountryID>
  <Name>Indonesia</Name>
</Country>
<Country>
  <CountryID>IE</CountryID>
  <Name>Ireland</Name>
</Country>
<Country>
  <CountryID>IL</CountryID>
  <Name>Israel</Name>
</Country>
<Country>
  <CountryID>IM</CountryID>
  <Name>Isle of Man</Name>
</Country>
<Country>
  <CountryID>IN</CountryID>
  <Name>India</Name>
</Country>
<Country>
  <CountryID>IO</CountryID>
  <Name>British Indian Ocean Ter.</Name>
</Country>
<Country>
  <CountryID>IQ</CountryID>
  <Name>Iraq</Name>
</Country>
<Country>
  <CountryID>IR</CountryID>
  <Name>Iran</Name>
</Country>
<Country>
  <CountryID>IS</CountryID>
  <Name>Iceland</Name>
</Country>
<Country>
  <CountryID>IT</CountryID>
  <Name>Italy</Name>
</Country>
<Country>
  <CountryID>JE</CountryID>
  <Name>Jersey</Name>
</Country>
<Country>
  <CountryID>JM</CountryID>
  <Name>Jamaica</Name>
</Country>
<Country>
  <CountryID>JO</CountryID>
  <Name>Jordan</Name>
</Country>
<Country>
  <CountryID>JP</CountryID>
  <Name>Japan</Name>
</Country>
<Country>
  <CountryID>KE</CountryID>
  <Name>Kenya</Name>
</Country>
<Country>
  <CountryID>KG</CountryID>
  <Name>Kyrgyz Rep</Name>
</Country>
<Country>
  <CountryID>KH</CountryID>
  <Name>Cambodia</Name>
</Country>
<Country>
  <CountryID>KI</CountryID>
  <Name>Kiribati</Name>
</Country>
<Country>
  <CountryID>KM</CountryID>
  <Name>Comoros</Name>
</Country>
<Country>
  <CountryID>KN</CountryID>
  <Name>St Kitts &amp; Nevis</Name>
</Country>
<Country>
  <CountryID>KP</CountryID>
  <Name>DPR Korea</Name>
</Country>
<Country>
  <CountryID>KR</CountryID>
  <Name>Korea</Name>
</Country>
<Country>
  <CountryID>KW</CountryID>
  <Name>Kuwait</Name>
</Country>
<Country>
  <CountryID>KY</CountryID>
  <Name>Cayman Islands</Name>
</Country>
<Country>
  <CountryID>KZ</CountryID>
  <Name>Kazakhstan</Name>
</Country>
<Country>
  <CountryID>LA</CountryID>
  <Name>Laos</Name>
</Country>
<Country>
  <CountryID>LB</CountryID>
  <Name>Lebanon</Name>
</Country>
<Country>
  <CountryID>LC</CountryID>
  <Name>St Lucia</Name>
</Country>
<Country>
  <CountryID>LI</CountryID>
  <Name>Liechtenstein</Name>
</Country>
<Country>
  <CountryID>LK</CountryID>
  <Name>Sri Lanka</Name>
</Country>
<Country>
  <CountryID>LR</CountryID>
  <Name>Liberia</Name>
</Country>
<Country>
  <CountryID>LS</CountryID>
  <Name>Lesotho</Name>
</Country>
<Country>
  <CountryID>LT</CountryID>
  <Name>Lithuania</Name>
</Country>
<Country>
  <CountryID>LU</CountryID>
  <Name>Luxembourg</Name>
</Country>
<Country>
  <CountryID>LV</CountryID>
  <Name>Latvia</Name>
</Country>
<Country>
  <CountryID>LY</CountryID>
  <Name>Libya</Name>
</Country>
<Country>
  <CountryID>MA</CountryID>
  <Name>Morocco</Name>
</Country>
<Country>
  <CountryID>MC</CountryID>
  <Name>Monaco</Name>
</Country>
<Country>
  <CountryID>MD</CountryID>
  <Name>Moldova</Name>
</Country>
<Country>
  <CountryID>ME</CountryID>
  <Name>Montenegro</Name>
</Country>
<Country>
  <CountryID>MF</CountryID>
  <Name>Saint Martin (FR)</Name>
</Country>
<Country>
  <CountryID>MG</CountryID>
  <Name>Madagascar</Name>
</Country>
<Country>
  <CountryID>MH</CountryID>
  <Name>Marshall Islands</Name>
</Country>
<Country>
  <CountryID>MK</CountryID>
  <Name>Macedonia</Name>
</Country>
<Country>
  <CountryID>ML</CountryID>
  <Name>Mali</Name>
</Country>
<Country>
  <CountryID>MM</CountryID>
  <Name>Myanmar</Name>
</Country>
<Country>
  <CountryID>MN</CountryID>
  <Name>Mongolia</Name>
</Country>
<Country>
  <CountryID>MO</CountryID>
  <Name>Macao</Name>
</Country>
<Country>
  <CountryID>MP</CountryID>
  <Name>N. Mariana Isl</Name>
</Country>
<Country>
  <CountryID>MQ</CountryID>
  <Name>Martinique</Name>
</Country>
<Country>
  <CountryID>MR</CountryID>
  <Name>Mauritania</Name>
</Country>
<Country>
  <CountryID>MS</CountryID>
  <Name>Montserrat</Name>
</Country>
<Country>
  <CountryID>MT</CountryID>
  <Name>Malta</Name>
</Country>
<Country>
  <CountryID>MU</CountryID>
  <Name>Mauritius</Name>
</Country>
<Country>
  <CountryID>MV</CountryID>
  <Name>Maldives</Name>
</Country>
<Country>
  <CountryID>MW</CountryID>
  <Name>Malawi</Name>
</Country>
<Country>
  <CountryID>MX</CountryID>
  <Name>Mexico</Name>
</Country>
<Country>
  <CountryID>MY</CountryID>
  <Name>Malaysia</Name>
</Country>
<Country>
  <CountryID>MZ</CountryID>
  <Name>Mozambique</Name>
</Country>
<Country>
  <CountryID>NA</CountryID>
  <Name>Namibia</Name>
</Country>
<Country>
  <CountryID>NC</CountryID>
  <Name>New Caledonia</Name>
</Country>
<Country>
  <CountryID>NE</CountryID>
  <Name>Niger</Name>
</Country>
<Country>
  <CountryID>NF</CountryID>
  <Name>Norfolk Island</Name>
</Country>
<Country>
  <CountryID>NG</CountryID>
  <Name>Nigeria</Name>
</Country>
<Country>
  <CountryID>NI</CountryID>
  <Name>Nicaragua</Name>
</Country>
<Country>
  <CountryID>NL</CountryID>
  <Name>Netherlands</Name>
</Country>
<Country>
  <CountryID>NO</CountryID>
  <Name>Norway</Name>
</Country>
<Country>
  <CountryID>NP</CountryID>
  <Name>Nepal</Name>
</Country>
<Country>
  <CountryID>NR</CountryID>
  <Name>Nauru</Name>
</Country>
<Country>
  <CountryID>NU</CountryID>
  <Name>Niue</Name>
</Country>
<Country>
  <CountryID>NZ</CountryID>
  <Name>New Zealand</Name>
</Country>
<Country>
  <CountryID>OM</CountryID>
  <Name>Oman</Name>
</Country>
<Country>
  <CountryID>PA</CountryID>
  <Name>Panama</Name>
</Country>
<Country>
  <CountryID>PE</CountryID>
  <Name>Peru</Name>
</Country>
<Country>
  <CountryID>PF</CountryID>
  <Name>French Polynesia</Name>
</Country>
<Country>
  <CountryID>PG</CountryID>
  <Name>Papua New Guinea</Name>
</Country>
<Country>
  <CountryID>PH</CountryID>
  <Name>Philippines</Name>
</Country>
<Country>
  <CountryID>PK</CountryID>
  <Name>Pakistan</Name>
</Country>
<Country>
  <CountryID>PL</CountryID>
  <Name>Poland</Name>
</Country>
<Country>
  <CountryID>PM</CountryID>
  <Name>St Pierre &amp; Miquelon</Name>
</Country>
<Country>
  <CountryID>PN</CountryID>
  <Name>Pitcairn Island</Name>
</Country>
<Country>
  <CountryID>PR</CountryID>
  <Name>Puerto Rico</Name>
</Country>
<Country>
  <CountryID>PS</CountryID>
  <Name>Palestine</Name>
</Country>
<Country>
  <CountryID>PT</CountryID>
  <Name>Portugal</Name>
</Country>
<Country>
  <CountryID>PW</CountryID>
  <Name>Palau</Name>
</Country>
<Country>
  <CountryID>PY</CountryID>
  <Name>Paraguay</Name>
</Country>
<Country>
  <CountryID>QA</CountryID>
  <Name>Qatar</Name>
</Country>
<Country>
  <CountryID>RE</CountryID>
  <Name>Reunion</Name>
</Country>
<Country>
  <CountryID>RO</CountryID>
  <Name>Romania</Name>
</Country>
<Country>
  <CountryID>RS</CountryID>
  <Name>Serbia</Name>
</Country>
<Country>
  <CountryID>RU</CountryID>
  <Name>Russia</Name>
</Country>
<Country>
  <CountryID>RW</CountryID>
  <Name>Rwanda</Name>
</Country>
<Country>
  <CountryID>SA</CountryID>
  <Name>Saudi Arabia</Name>
</Country>
<Country>
  <CountryID>SB</CountryID>
  <Name>Solomon Islands</Name>
</Country>
<Country>
  <CountryID>SC</CountryID>
  <Name>Seychelles</Name>
</Country>
<Country>
  <CountryID>SD</CountryID>
  <Name>Sudan</Name>
</Country>
<Country>
  <CountryID>SE</CountryID>
  <Name>Sweden</Name>
</Country>
<Country>
  <CountryID>SG</CountryID>
  <Name>Singapore</Name>
</Country>
<Country>
  <CountryID>SH</CountryID>
  <Name>Saint Helena</Name>
</Country>
<Country>
  <CountryID>SI</CountryID>
  <Name>Slovenia</Name>
</Country>
<Country>
  <CountryID>SJ</CountryID>
  <Name>Svalbard &amp; Jan Mayen</Name>
</Country>
<Country>
  <CountryID>SK</CountryID>
  <Name>Slovakia</Name>
</Country>
<Country>
  <CountryID>SL</CountryID>
  <Name>Sierra Leone</Name>
</Country>
<Country>
  <CountryID>SM</CountryID>
  <Name>San Marino</Name>
</Country>
<Country>
  <CountryID>SN</CountryID>
  <Name>Senegal</Name>
</Country>
<Country>
  <CountryID>SO</CountryID>
  <Name>Somalia</Name>
</Country>
<Country>
  <CountryID>SR</CountryID>
  <Name>Suriname</Name>
</Country>
<Country>
  <CountryID>SS</CountryID>
  <Name>South Sudan</Name>
</Country>
<Country>
  <CountryID>ST</CountryID>
  <Name>Sao Tome &amp; Principe</Name>
</Country>
<Country>
  <CountryID>SV</CountryID>
  <Name>El Salvador</Name>
</Country>
<Country>
  <CountryID>SX</CountryID>
  <Name>Sint Maarten (NL)</Name>
</Country>
<Country>
  <CountryID>SY</CountryID>
  <Name>Syria</Name>
</Country>
<Country>
  <CountryID>SZ</CountryID>
  <Name>Swaziland</Name>
</Country>
<Country>
  <CountryID>TC</CountryID>
  <Name>Turks &amp; Caicos Isl</Name>
</Country>
<Country>
  <CountryID>TD</CountryID>
  <Name>Chad</Name>
</Country>
<Country>
  <CountryID>TG</CountryID>
  <Name>Togolese Rep</Name>
</Country>
<Country>
  <CountryID>TH</CountryID>
  <Name>Thailand</Name>
</Country>
<Country>
  <CountryID>TJ</CountryID>
  <Name>Tajikistan </Name>
</Country>
<Country>
  <CountryID>TK</CountryID>
  <Name>Tokelau</Name>
</Country>
<Country>
  <CountryID>TL</CountryID>
  <Name>East Timor</Name>
</Country>
<Country>
  <CountryID>TM</CountryID>
  <Name>Turkmenistan</Name>
</Country>
<Country>
  <CountryID>TN</CountryID>
  <Name>Tunisia</Name>
</Country>
<Country>
  <CountryID>TO</CountryID>
  <Name>Tonga</Name>
</Country>
<Country>
  <CountryID>TR</CountryID>
  <Name>Turkey</Name>
</Country>
<Country>
  <CountryID>TT</CountryID>
  <Name>Trinidad &amp; Tobago</Name>
</Country>
<Country>
  <CountryID>TV</CountryID>
  <Name>Tuvalu</Name>
</Country>
<Country>
  <CountryID>TW</CountryID>
  <Name>Taiwan</Name>
</Country>
<Country>
  <CountryID>TZ</CountryID>
  <Name>Tanzania</Name>
</Country>
<Country>
  <CountryID>UA</CountryID>
  <Name>Ukraine</Name>
</Country>
<Country>
  <CountryID>UG</CountryID>
  <Name>Uganda</Name>
</Country>
<Country>
  <CountryID>UM</CountryID>
  <Name>US Minor Outlying Isls</Name>
</Country>
<Country>
  <CountryID>US</CountryID>
  <Name>USA</Name>
</Country>
<Country>
  <CountryID>UY</CountryID>
  <Name>Uruguay</Name>
</Country>
<Country>
  <CountryID>UZ</CountryID>
  <Name>Uzbekistan</Name>
</Country>
<Country>
  <CountryID>VA</CountryID>
  <Name>Vatican</Name>
</Country>
<Country>
  <CountryID>VC</CountryID>
  <Name>St Vincent &amp; Grenadines</Name>
</Country>
<Country>
  <CountryID>VE</CountryID>
  <Name>Venezuela</Name>
</Country>
<Country>
  <CountryID>VG</CountryID>
  <Name>British Virgin Islands</Name>
</Country>
<Country>
  <CountryID>VI</CountryID>
  <Name>US Virgin Islands</Name>
</Country>
<Country>
  <CountryID>VN</CountryID>
  <Name>Vietnam</Name>
</Country>
<Country>
  <CountryID>VU</CountryID>
  <Name>Vanuatu</Name>
</Country>
<Country>
  <CountryID>WF</CountryID>
  <Name>Wallis and Futuna</Name>
</Country>
<Country>
  <CountryID>WS</CountryID>
  <Name>Samoa</Name>
</Country>
<Country>
  <CountryID>XA</CountryID>
  <Name>Azores</Name>
</Country>
<Country>
  <CountryID>XB</CountryID>
  <Name>Madeira</Name>
</Country>
<Country>
  <CountryID>XC</CountryID>
  <Name>Alaska</Name>
</Country>
<Country>
  <CountryID>XD</CountryID>
  <Name>Adelie Land</Name>
</Country>
<Country>
  <CountryID>XE</CountryID>
  <Name>Ascension Island</Name>
</Country>
<Country>
  <CountryID>XF</CountryID>
  <Name>Crozet Archipelago</Name>
</Country>
<Country>
  <CountryID>XG</CountryID>
  <Name>Kerguelen Islands</Name>
</Country>
<Country>
  <CountryID>XH</CountryID>
  <Name>Tahiti</Name>
</Country>
<Country>
  <CountryID>XI</CountryID>
  <Name>St Paul &amp; Amsterdam Isl</Name>
</Country>
<Country>
  <CountryID>YE</CountryID>
  <Name>Yemen</Name>
</Country>
<Country>
  <CountryID>YT</CountryID>
  <Name>Mayotte</Name>
</Country>
<Country>
  <CountryID>ZA</CountryID>
  <Name>South Africa</Name>
</Country>
<Country>
  <CountryID>ZM</CountryID>
  <Name>Zambia</Name>
</Country>
<Country>
  <CountryID>ZW</CountryID>
  <Name>Zimbabwe</Name>
</Country>
<Country>
  <CountryID>ZZ</CountryID>
  <Name>Unknown</Name>
</Country>